<?xml version="1.0" encoding="UTF-8"?>
<configuration scan="true" scanPeriod="30 seconds">

	<property name="EVENT_LOGGER_LOG_HOME" value="${UNIKENLOGSHOME}/eventlogger/logs" />
	<property name="LOG_FILE_NAME" value="eventlogger.log" />

	<appender name="STDOUT"	class="ch.qos.logback.core.ConsoleAppender">
		<encoder>
			<pattern>%d{yyyy-MM-dd HH:mm:ss.SSS}|%X{processId}|%X{moduleName}|%X{serverIP}|%X{sourceIP}|%X{eventId}|%X{requesterId}|%X{userId}|%msg%n
			</pattern>
		</encoder>
	</appender>

	<appender name="FILE" class="ch.qos.logback.core.rolling.RollingFileAppender">
		<file>${EVENT_LOGGER_LOG_HOME}/${LOG_FILE_NAME}</file>
		<immediateFlush>true</immediateFlush>
		<encoder>
			<pattern>%d{yyyy-MM-dd HH:mm:ss.SSS}|%X{processId}|%X{moduleName}|%X{serverIP}|%X{sourceIP}|%X{eventId}|%X{requesterId}|%X{userId}|%msg%n
			</pattern>
		</encoder>
		<rollingPolicy class="ch.qos.logback.core.rolling.TimeBasedRollingPolicy">
			<fileNamePattern>${EVENT_LOGGER_LOG_HOME}/archived/${LOG_FILE_NAME}.%d{yyyy-MM-dd}.log.gz
			</fileNamePattern>
		</rollingPolicy>
	</appender>

	<appender name="MONGO_DB" class="com.uniken.custom.appender.MongodbAppender">
	</appender>
	
	<appender name="ASYNC_FILE" class="ch.qos.logback.classic.AsyncAppender">
		<appender-ref ref="FILE" />
	</appender>

	<root level="INFO">
		<appender-ref ref="ASYNC_FILE" />
		<appender-ref ref="MONGO_DB" />
	</root>
</configuration>