<?xml version="1.0" encoding="UTF-8"?>
<!DOCTYPE xml>
<configuration debug="true" packagingData="false" scan="true" scanPeriod="60 seconds">

	<property name="DEFAULT_AUTH_SERVER_LOG_HOME" value="${UNIKENLOGSHOME}/webapps/webapplogs/authserver/logs" />
	<property name="LOG_HOME" value="${AUTH_SERVER_LOG_HOME:-${DEFAULT_AUTH_SERVER_LOG_HOME}}" />

	<property name="DEFAULT_AUTH_SERVER_LOG_LEVEL" value="INFO" />
	<property name="DEFAULT_AUTH_SERVER_SPRING_LOG_LEVEL" value="WARN" />
	<property name="LOG_FILE_NAME" value="authserver.log" />
	
    <appender name="STDOUT" class="ch.qos.logback.core.ConsoleAppender">
        <encoder>
            <pattern>%d{yyyy-MM-dd HH:mm:ss.SSS} [%thread] %-5level %logger{36} - %msg%n</pattern>
        </encoder>
    </appender>
    
	<appender name="AUTH_SERVER_FILE_APPENDER" class="ch.qos.logback.core.rolling.RollingFileAppender">
		<file>${LOG_HOME}/${LOG_FILE_NAME}</file>
		<encoder class="ch.qos.logback.classic.encoder.PatternLayoutEncoder">
			<Pattern>%d{yyyy-MM-dd HH:mm:ss.SSS} [%thread] %-5level %logger{36} - %msg%n</Pattern>
		</encoder>
		<rollingPolicy class="ch.qos.logback.core.rolling.TimeBasedRollingPolicy">
			<fileNamePattern>${LOG_HOME}/archived/${LOG_FILE_NAME}.%d{yyyy-MM-dd}.log.gz</fileNamePattern>
		</rollingPolicy>
	</appender>

	<appender name="AUTH_SERVER_ASYNC_APPENDER" class="ch.qos.logback.classic.AsyncAppender">
		<appender-ref ref="AUTH_SERVER_FILE_APPENDER" />
	</appender>

	<logger name="com.uniken" level="${AUTH_SERVER_LOG_LEVEL:-${DEFAULT_AUTH_SERVER_LOG_LEVEL}}" />

	<logger name="org.springframework"
		level="${AUTH_SERVER_SPRING_LOG_LEVEL:-${DEFAULT_AUTH_SERVER_SPRING_LOG_LEVEL}}" />

	<root level="WARN">
<!-- 		<appender-ref ref="STDOUT" /> -->
		<appender-ref ref="AUTH_SERVER_ASYNC_APPENDER" />
	</root>

</configuration>
 